{
  "model": {
    "type": "minecraft:range_dispatch",
    "property": "minecraft:custom_model_data",
    "index": 0,
    "fallback": {
      "type": "minecraft:model",
      "model": "minecraft:item/diamond_helmet"
    },
    "entries": [
      {
        "model": {
          "type": "minecraft:model",
          "model": "template:item/stalhelmet1"
        },
        "threshold": 1
      },
      {
        "model": {
          "type": "minecraft:model",
          "model": "template:item/stalhelmet2"
        },
        "threshold": 2
      },
      {
        "model": {
          "type": "minecraft:model",
          "model": "template:item/stalhelmet3"
        },
        "threshold": 3
      }
    ]
  }
}