{
	"credit": "Made with Blockbench",
	"texture_size": [64, 64],
	"textures": {
		"0": "template:item/stalhelmet3",
		"particle": "template:item/stalhelmet3"
	},
	"elements": [
		{
			"from": [3, 0, 3],
			"to": [13, 10, 13],
			"rotation": {"angle": 0, "axis": "y", "origin": [8, 0, 8]},
			"faces": {
				"north": {"uv": [2.5, 3.5, 5, 6], "texture": "#0"},
				"east": {"uv": [4, 0, 6.5, 2.5], "texture": "#0"},
				"south": {"uv": [5, 2.5, 7.5, 5], "texture": "#0"},
				"west": {"uv": [0, 3.5, 2.5, 6], "texture": "#0"},
				"up": {"uv": [7.5, 7.5, 5, 5], "rotation": 270, "texture": "#0"},
				"down": {"uv": [2.5, 6, 0, 8.5], "rotation": 90, "texture": "#0"}
			}
		},
		{
			"from": [0, 6, 8],
			"to": [16, 13, 8],
			"rotation": {"angle": 0, "axis": "y", "origin": [8, 0, 8]},
			"faces": {
				"north": {"uv": [0, 0, 4, 1.75], "texture": "#0"},
				"east": {"uv": [0, 0, 0, 1.75], "texture": "#0"},
				"south": {"uv": [0, 1.75, 4, 3.5], "texture": "#0"},
				"west": {"uv": [0, 0, 0, 1.75], "texture": "#0"},
				"up": {"uv": [0, 4, 0, 0], "rotation": 270, "texture": "#0"},
				"down": {"uv": [0, 0, 0, 4], "rotation": 90, "texture": "#0"}
			}
		}
	],
	"display": {
		"ground": {
			"translation": [0, 6, 0]
		},
		"gui": {
			"rotation": [0, 180, 0]
		},
		"head": {
			"translation": [0, 4, 0],
			"scale": [1.3, 1.3, 1.3]
		}
	}
}