{
	"credit": "Made with Blockbench",
	"textures": {
		"0": "template:item/amuletsily1",
		"particle": "template:item/amuletsily1"
	},
	"elements": [
		{
			"from": [7, 7, 6],
			"to": [11, 8, 8],
			"rotation": {"angle": 0, "axis": "y", "origin": [8, 7, 6]},
			"faces": {
				"north": {"uv": [2.5, 6, 4.5, 6.5], "texture": "#0"},
				"east": {"uv": [4, 2, 5, 2.5], "texture": "#0"},
				"south": {"uv": [6, 3, 8, 3.5], "texture": "#0"},
				"west": {"uv": [6.5, 0.5, 7.5, 1], "texture": "#0"},
				"up": {"uv": [5, 3.5, 3, 2.5], "texture": "#0"},
				"down": {"uv": [5, 3.5, 3, 4.5], "texture": "#0"}
			}
		},
		{
			"from": [6, 7, 6],
			"to": [7, 11, 8],
			"rotation": {"angle": 0, "axis": "y", "origin": [7, 8, 6]},
			"faces": {
				"north": {"uv": [2.5, 0, 3, 2], "texture": "#0"},
				"east": {"uv": [4, 0, 5, 2], "texture": "#0"},
				"south": {"uv": [4.5, 6, 5, 8], "texture": "#0"},
				"west": {"uv": [0, 4.5, 1, 6.5], "texture": "#0"},
				"up": {"uv": [7, 2, 6.5, 1], "texture": "#0"},
				"down": {"uv": [7, 2, 6.5, 3], "texture": "#0"}
			}
		},
		{
			"from": [6, 11, 6],
			"to": [10, 12, 8],
			"rotation": {"angle": 0, "axis": "y", "origin": [7, 11, 6]},
			"faces": {
				"north": {"uv": [6, 3.5, 8, 4], "texture": "#0"},
				"east": {"uv": [2.5, 6.5, 3.5, 7], "texture": "#0"},
				"south": {"uv": [5, 6, 7, 6.5], "texture": "#0"},
				"west": {"uv": [3.5, 6.5, 4.5, 7], "texture": "#0"},
				"up": {"uv": [3, 5.5, 1, 4.5], "texture": "#0"},
				"down": {"uv": [5, 4.5, 3, 5.5], "texture": "#0"}
			}
		},
		{
			"from": [10, 8, 6],
			"to": [11, 12, 8],
			"rotation": {"angle": 0, "axis": "y", "origin": [10, 11, 6]},
			"faces": {
				"north": {"uv": [0, 6.5, 0.5, 8.5], "texture": "#0"},
				"east": {"uv": [5, 0, 6, 2], "texture": "#0"},
				"south": {"uv": [0.5, 6.5, 1, 8.5], "texture": "#0"},
				"west": {"uv": [5, 2, 6, 4], "texture": "#0"},
				"up": {"uv": [5.5, 7.5, 5, 6.5], "texture": "#0"},
				"down": {"uv": [6, 6.5, 5.5, 7.5], "texture": "#0"}
			}
		},
		{
			"from": [5, 10, 5.9],
			"to": [10, 11, 7.9],
			"rotation": {"angle": 45, "axis": "z", "origin": [7, 9.2, 6]},
			"faces": {
				"north": {"uv": [4, 5.5, 6.5, 6], "texture": "#0"},
				"east": {"uv": [6.5, 5.5, 7.5, 6], "texture": "#0"},
				"south": {"uv": [6, 0, 8.5, 0.5], "texture": "#0"},
				"west": {"uv": [6, 6.5, 7, 7], "texture": "#0"},
				"up": {"uv": [2.5, 1, 0, 0], "texture": "#0"},
				"down": {"uv": [2.5, 1, 0, 2], "texture": "#0"}
			}
		},
		{
			"from": [7, 6, 5.95],
			"to": [8, 11, 7.95],
			"rotation": {"angle": 45, "axis": "z", "origin": [8.3, 8, 6.1]},
			"faces": {
				"north": {"uv": [6, 0.5, 6.5, 3], "texture": "#0"},
				"east": {"uv": [0, 2, 1, 4.5], "texture": "#0"},
				"south": {"uv": [1, 6, 1.5, 8.5], "texture": "#0"},
				"west": {"uv": [1, 2, 2, 4.5], "texture": "#0"},
				"up": {"uv": [7.5, 2, 7, 1], "texture": "#0"},
				"down": {"uv": [7.5, 2, 7, 3], "texture": "#0"}
			}
		},
		{
			"from": [8, 8, 5.9],
			"to": [14, 9, 7.9],
			"rotation": {"angle": 45, "axis": "z", "origin": [10.6, 7.75, 6]},
			"faces": {
				"north": {"uv": [5, 4, 8, 4.5], "texture": "#0"},
				"east": {"uv": [7, 7, 7.5, 7.5], "texture": "#0"},
				"south": {"uv": [5, 4.5, 8, 5], "texture": "#0"},
				"west": {"uv": [7.5, 0.5, 8, 1], "texture": "#0"},
				"up": {"uv": [8, 5.5, 5, 5], "texture": "#0"},
				"down": {"uv": [4, 5.5, 1, 6], "texture": "#0"}
			}
		},
		{
			"from": [6, 12, 5.95],
			"to": [11, 13, 7.95],
			"rotation": {"angle": -45, "axis": "z", "origin": [8, 11, 6.1]},
			"faces": {
				"north": {"uv": [1.5, 6, 2, 8.5], "rotation": 90, "texture": "#0"},
				"east": {"uv": [3.5, 7, 3, 8], "rotation": 270, "texture": "#0"},
				"south": {"uv": [2, 6, 2.5, 8.5], "rotation": 270, "texture": "#0"},
				"west": {"uv": [3, 8, 2.5, 7], "rotation": 270, "texture": "#0"},
				"up": {"uv": [2, 2, 3, 4.5], "rotation": 270, "texture": "#0"},
				"down": {"uv": [3, 0, 4, 2.5], "rotation": 270, "texture": "#0"}
			}
		},
		{
			"from": [8.5, 7.7, 6],
			"to": [9.5, 8.7, 7],
			"rotation": {"angle": 45, "axis": "z", "origin": [7, 8.3, 6]},
			"faces": {
				"north": {"uv": [3.5, 7, 4, 7.5], "texture": "#0"},
				"east": {"uv": [4, 7, 4.5, 7.5], "texture": "#0"},
				"south": {"uv": [6, 7, 6.5, 7.5], "texture": "#0"},
				"west": {"uv": [7, 6, 7.5, 6.5], "texture": "#0"},
				"up": {"uv": [7, 7.5, 6.5, 7], "texture": "#0"},
				"down": {"uv": [7.5, 6.5, 7, 7], "texture": "#0"}
			}
		},
		{
			"from": [8.5, 8, 5.9],
			"to": [9, 8.5, 6.6],
			"rotation": {"angle": 45, "axis": "z", "origin": [7, 8.6, 6]},
			"faces": {
				"north": {"uv": [0, 8.5, 1, 9.5], "texture": "#0"},
				"east": {"uv": [1, 9.5, 2, 10.5], "texture": "#0"},
				"south": {"uv": [1, 8.5, 2, 9.5], "texture": "#0"},
				"west": {"uv": [0, 9.5, 1, 10.5], "texture": "#0"},
				"up": {"uv": [3, 10.5, 2, 9.5], "texture": "#0"},
				"down": {"uv": [3, 8.5, 2, 9.5], "texture": "#0"}
			}
		}
	],
	"display": {
		"thirdperson_righthand": {
			"rotation": [86, 0, 0],
			"translation": [-0.5, -1.25, -2.5]
		},
		"thirdperson_lefthand": {
			"rotation": [86, 0, 0],
			"translation": [0.75, -1.25, -2.5]
		},
		"firstperson_righthand": {
			"rotation": [-3, 0, 0],
			"translation": [-0.5, 0.25, 2.25],
			"scale": [1.04, 1.05, 0.96]
		},
		"firstperson_lefthand": {
			"translation": [1.25, 0.5, 2.75]
		},
		"ground": {
			"rotation": [0, -180, 0],
			"translation": [0.5, -3.25, 0]
		},
		"gui": {
			"rotation": [0, 180, 0],
			"translation": [1, -3, 0],
			"scale": [1.7, 1.7, 1]
		},
		"head": {
			"translation": [-0.5, -10.75, -1.75]
		},
		"fixed": {
			"translation": [-1, -2.75, 0],
			"scale": [2, 2, 1.25]
		}
	}
}