{
	"credit": "Made with Blockbench",
	"texture_size": [32, 32],
	"textures": {
		"0": "template:item/multicake",
		"particle": "template:item/multicake"
	},
	"elements": [
		{
			"from": [8, 0, 0],
			"to": [12, 5, 13],
			"rotation": {"angle": 0, "axis": "y", "origin": [12, 0, 13]},
			"faces": {
				"north": {"uv": [12, 12.5, 14, 15], "texture": "#0"},
				"east": {"uv": [0, 5, 6.5, 7.5], "texture": "#0"},
				"south": {"uv": [13, 0, 15, 2.5], "texture": "#0"},
				"west": {"uv": [6.5, 0, 13, 2.5], "texture": "#0"},
				"up": {"uv": [6, 14, 4, 7.5], "texture": "#0"},
				"down": {"uv": [8, 7.5, 6, 14], "texture": "#0"}
			}
		},
		{
			"from": [4, 0, 0],
			"to": [8, 5, 13],
			"rotation": {"angle": 0, "axis": "y", "origin": [4, 0, 0]},
			"faces": {
				"north": {"uv": [13, 2.5, 15, 5], "texture": "#0"},
				"east": {"uv": [6.5, 2.5, 13, 5], "texture": "#0"},
				"south": {"uv": [13, 5, 15, 7.5], "texture": "#0"},
				"west": {"uv": [6.5, 5, 13, 7.5], "texture": "#0"},
				"up": {"uv": [10, 14, 8, 7.5], "texture": "#0"},
				"down": {"uv": [12, 7.5, 10, 14], "texture": "#0"}
			}
		}
	],
	"display": {
		"thirdperson_righthand": {
			"translation": [0.25, 2.5, 1.25],
			"scale": [0.5, 0.5, 0.5]
		},
		"thirdperson_lefthand": {
			"translation": [0.25, 2.5, 1.25],
			"scale": [0.5, 0.5, 0.5]
		},
		"firstperson_righthand": {
			"translation": [0, 5, 0]
		},
		"firstperson_lefthand": {
			"translation": [0, 5, 0]
		},
		"ground": {
			"translation": [2, 4.25, 1.25]
		},
		"gui": {
			"rotation": [8.33, 11.72, 0],
			"translation": [2.75, 3.5, 0]
		},
		"head": {
			"rotation": [-90, 0, 0],
			"translation": [2, 1.5, -10.5]
		},
		"fixed": {
			"rotation": [-90, 0, 0],
			"translation": [3.25, 2, -12],
			"scale": [1.58, 1.58, 1.47]
		}
	}
}